[
    {
    "Category": {
        "Desc": "Appetizers",
        "ID": "123456",
        "Items": [
            {
                "Item": {
                    "PromptForDesc" : "Nachos with cheese and chicken",
                    "Price": "$6.00",
                    "Modifiers": { 
                        "groupName": "Add-Ons",
                        "Preps": [{
                            "ID" : "654321",
                            "Desc" : "Bacon",
                            "Price" : "$1.00",
                            "PromptForDesc" : "Add Bacon",
                            "Quantity": 0                        
                        },
                        {
                            "ID" : "654323",
                            "Desc" : "Tomato",
                            "Price" : "$0.50",
                            "PromptForDesc" : "Add Tomato",
                            "Quantity": 0                                            
                        },
                        {
                            "ID" : "654324",
                            "Desc" : "Lettuce",
                            "Price" : "$1.00",
                            "PromptForDesc" : "Add Lettuce",
                            "Quantity": 0                                            
                        },
                        {
                            "ID" : "654325",
                            "Desc" : "Onion",
                            "Price" : "$1.00",
                            "PromptForDesc" : "Add Onion",
                            "Quantity": 0                                            
                        },
                        {
                            "ID" : "654326",
                            "Desc" : "Guacamole",
                            "Price" : "$1.00",
                            "PromptForDesc" : "Add Guacamole",
                            "Quantity": 0                                            
                        },
                        {
                            "ID" : "654327",
                            "Desc" : "Cheese",
                            "Price" : "$1.00",
                            "PromptForDesc" : "Add Cheese",
                            "Quantity": 0                                            
                        },
                        {
                            "ID" : "654328",
                            "Desc" : "Jalapenos",
                            "Price" : "$0.50",
                            "PromptForDesc" : "Add Jalapenos",
                            "Quantity": 0                                           
                        }]
                    },
                    "img": "../../assets/images/Nachos.jpg",
                    "desc": "Sloppy nachos",
                    "ID": "987654"
                }
            },
            {
                "Item": {
                    "PromptForDesc" : "French fries and coleslaw",
                    "Price": "$3.00",
                    "Modifiers": { 
                        "groupName": "Condiments",
                        "Preps": [{
                            "ID" : "654329",
                            "Desc" : "Ketchup",
                            "Price" : "$1.00",
                            "PromptForDesc" : "",
                            "Quantity": 0                                            
                        },
                        {
                            "ID" : "654330",
                            "Desc" : "Mayonaise",
                            "Price" : "$1.00",
                            "PromptForDesc" : "",
                            "Quantity": 0                                            
                        },
                        {
                            "ID" : "654331",
                            "Desc" : "Vinegar",
                            "Price" : "$0.30",
                            "PromptForDesc" : "",
                            "Quantity": 0                                            
                        }]
                    },
                    "img": "../../assets/images/fries.jpg",
                    "desc": "French fries",
                    "ID": "987655"
                }
            },
            {
                "Item": {
                    "PromptForDesc" : "Hummus and pita served with olives",
                    "Price": "$12.00",
                    "Modifiers": { 
                        "groupName": "Special Instructions",
                        "Preps": [{
                            "ID" : "654332",
                            "Desc" : "Gluten-Free",
                            "Price" : "$1.00",
                            "PromptForDesc" : "",
                            "Quantity": 0                                            
                        },
                        {
                            "ID" : "654333",
                            "Desc" : "Whole Wheat",
                            "Price" : "$2.00",
                            "PromptForDesc" : "",
                            "Quantity": 0                                            
                        }]
                    },
                    "img": "../../assets/images/Hummas.jpg",
                    "desc": "Hummus and pita",
                    "ID": "987656"
                }
            }

        ]
    }
},
{
    "Category": {
        "Desc": "Mains",
        "ID": "123457",
        "Items": [
            {
                "Item": {
                    "PromptForDesc" : "Double patty hamburger",
                    "Price": "$6.00",
                    "Modifiers": { 
                        "groupName": "Toppings",
                        "Preps": [{
                            "ID" : "654334",
                            "Desc" : "Ketchup",
                            "Price" : "$3.00",
                            "PromptForDesc" : "Add Ketchup",
                            "Quantity": 0                                            
                        },
                        {
                            "ID" : "654335",
                            "Desc" : "Mustard",
                            "Price" : "$2.00",
                            "PromptForDesc" : "Add Mustard",
                            "Quantity": 0                                            
                        },
                        {
                            "ID" : "654336",
                            "Desc" : "Tomato",
                            "Price" : "$1.00",
                            "PromptForDesc" : "Add Tomato",
                            "Quantity": 0                                            
                        },
                        {
                            "ID" : "654337",
                            "Desc" : "Lettuce",
                            "Price" : "$1.00",
                            "PromptForDesc" : "Add Lettuce",
                            "Quantity": 0                                            
                        },
                        {
                            "ID" : "654338",
                            "Desc" : "Onion",
                            "Price" : "$1.00",
                            "PromptForDesc" : "Add Onion",
                            "Quantity": 0                                            
                        },
                        {
                            "ID" : "654339",
                            "Desc" : "Guacamole",
                            "Price" : "$1.00",
                            "PromptForDesc" : "Add Goacamole",
                            "Quantity": 0                                            
                        },
                        {
                            "ID" : "654340",
                            "Desc" : "Cheese",
                            "Price" : "$1.00",
                            "PromptForDesc" : "Add Cheese",
                            "Quantity": 0                                            
                        },
                        {
                            "ID" : "654341",
                            "Desc" : "Extra Patty",
                            "Price" : "$1.00",
                            "PromptForDesc" : "Add Patty",
                            "Quantity": 0                                            
                        }]
                    },
                    "img": "../../assets/images/Hamburger.jpg",
                    "desc": "Hamburger",
                    "ID": "987657"
                }
            },
            {
                "Item": {
                    "PromptForDesc" : "Chicken wings in hot sauce",
                    "Price": "$9.00",
                    "Modifiers": { 
                        "groupName": "Sauce",
                        "Preps": [{
                            "ID" : "654329",
                            "Desc" : "Hot Sauce",
                            "Price" : "$1.00",
                            "PromptForDesc" : "",
                            "Quantity": 0                                            
                        },
                        {
                            "ID" : "654330",
                            "Desc" : "Medium Sauce",
                            "Price" : "$2.00",
                            "PromptForDesc" : "",
                            "Quantity": 0                                            
                        },
                        {
                            "ID" : "654331",
                            "Desc" : "Mild Sauce",
                            "Price" : "$2.00",
                            "PromptForDesc" : "",
                            "Quantity": 0                                            
                        }]
                    },
                    "img": "../../assets/images/Chicken_Wings.jpg",
                    "desc": "Hot Wings",
                    "ID": "987658"
                }
            },
            {
                "Item": {
                    "PromptForDesc" : "Big juicy steak sandwich",
                    "Price": "$12.00",
                    "Modifiers": { 
                        "groupName": "Toppings",
                        "Preps": [{
                            "ID" : "654332",
                            "Desc" : "Onions",
                            "Price" : "$2.00",
                            "PromptForDesc" : "",
                            "Quantity": 0                                            
                        },
                        {
                            "ID" : "654333",
                            "Desc" : "Mayo",
                            "Price" : "$1.00",
                            "PromptForDesc" : "",
                            "Quantity": 0                                            
                        },
                        {
                            "ID" : "654334",
                            "Desc" : "BBQ Sauce",
                            "Price" : "$2.00",
                            "PromptForDesc" : "",
                            "Quantity": 0                                            
                        },
                        {
                            "ID" : "654335",
                            "Desc" : "Mushrooms",
                            "Price" : "$4.00",
                            "PromptForDesc" : "",
                            "Quantity": 0                                            
                        },
                        {
                            "ID" : "654336",
                            "Desc" : "Mustard",
                            "Price" : "$5.00",
                            "PromptForDesc" : "",
                            "Quantity": 0                                            
                        }]
                    },
                    "img": "../../assets/images/Steak_Sandwich.jpg",
                    "desc": "Steak sandwich",
                    "ID": "987659"
                }
            }

        ]
    }
},
{
    "Category": {
        "Desc": "Desserts",
        "ID": "123458",
        "Items": [
            {
                "Item": {
                    "PromptForDesc" : "Soft and creamy ice cream",
                    "Price": "$6.00",
                    "Modifiers": { 
                        "groupName": "Flavour",
                        "Preps": [{
                            "ID" : "654337",
                            "Desc" : "Chocolate",
                            "Price" : "$6.00",
                            "PromptForDesc" : "",
                            "Quantity": 0                                            
                        },
                        {
                            "ID" : "654338",
                            "Desc" : "Vanilla",
                            "Price" : "$5.00",
                            "PromptForDesc" : "",
                            "Quantity": 0                                            
                        },
                        {
                            "ID" : "654339",
                            "Desc" : "Strawberry",
                            "Price" : "$3.00",
                            "PromptForDesc" : "",
                            "Quantity": 0                                            
                        },
                        {
                            "ID" : "654340",
                            "Desc" : "Blueberry",
                            "Price" : "$5.00",
                            "PromptForDesc" : "",
                            "Quantity": 0                                            
                        },
                        {
                            "ID" : "654341",
                            "Desc" : "Swirl",
                            "Price" : "$7.00",
                            "PromptForDesc" : "",
                            "Quantity": 0                                            
                        }]
                    },
                    "img": "../../assets/images/IceCream.jpg",
                    "desc": "Ice Cream",
                    "ID": "987660"
                }
            },
            {
                "Item": {
                    "PromptForDesc" : "Moist cake loaded with chocolate sauce",
                    "Price": "$9.00",
                    "Modifiers": { 
                        "groupName": "Flavour",
                        "Preps": [{
                            "ID" : "654342",
                            "Desc" : "Chocolate",
                            "Price" : "$10.00",
                            "PromptForDesc" : "",
                            "Quantity": 0                                            
                        },
                        {
                            "ID" : "654343",
                            "Desc" : "Vanilla",
                            "Price" : "$10.00",
                            "PromptForDesc" : "",
                            "Quantity": 0                                            
                        },
                        {
                            "ID" : "654344",
                            "Desc" : "Red Velvet",
                            "Price" : "$12.00",
                            "PromptForDesc" : "",
                            "Quantity": 0                                            
                        }]
                    },
                    "img": "../../assets/images/Cake.jpg",
                    "desc": "Death by Chocolate",
                    "ID": "987661"
                }
            } 
        ]
    }
}]